Test_Author_Profile_Id,Age
author_id_147,20-24
author_id_033,25-xx
author_id_027,20-24
author_id_026,15-19
author_id_032,20-24
author_id_146,20-24
author_id_150,20-24
author_id_144,15-19
author_id_024,20-24
author_id_030,20-24
author_id_018,20-24
author_id_019,20-24
author_id_031,20-24
author_id_025,20-24
author_id_145,20-24
author_id_141,20-24
author_id_009,20-24
author_id_021,20-24
author_id_035,25-xx
author_id_034,15-19
author_id_020,20-24
author_id_008,20-24
author_id_140,20-24
author_id_142,25-xx
author_id_036,20-24
author_id_022,20-24
author_id_023,20-24
author_id_037,20-24
author_id_143,20-24
author_id_124,20-24
author_id_130,20-24
author_id_118,15-19
author_id_093,20-24
author_id_087,20-24
author_id_050,20-24
author_id_044,20-24
author_id_078,20-24
author_id_079,25-xx
author_id_045,20-24
author_id_051,25-xx
author_id_086,20-24
author_id_092,25-xx
author_id_119,25-xx
author_id_131,15-19
author_id_125,15-19
author_id_133,25-xx
author_id_127,20-24
author_id_084,20-24
author_id_090,20-24
author_id_047,20-24
author_id_053,20-24
author_id_052,20-24
author_id_046,20-24
author_id_091,20-24
author_id_085,20-24
author_id_126,20-24
author_id_132,20-24
author_id_136,20-24
author_id_122,20-24
author_id_081,25-xx
author_id_095,20-24
author_id_042,25-xx
author_id_056,15-19
author_id_057,15-19
author_id_043,20-24
author_id_094,25-xx
author_id_080,20-24
author_id_123,20-24
author_id_137,20-24
author_id_109,20-24
author_id_121,20-24
author_id_135,20-24
author_id_096,20-24
author_id_082,20-24
author_id_069,20-24
author_id_055,20-24
author_id_041,20-24
author_id_040,20-24
author_id_054,20-24
author_id_068,15-19
author_id_083,15-19
author_id_097,20-24
author_id_134,20-24
author_id_120,20-24
author_id_108,20-24
author_id_105,20-24
author_id_111,20-24
author_id_139,15-19
author_id_071,20-24
author_id_065,15-19
author_id_059,20-24
author_id_058,20-24
author_id_064,25-xx
author_id_070,15-19
author_id_138,20-24
author_id_110,15-19
author_id_104,15-19
author_id_112,25-xx
author_id_106,15-19
author_id_099,20-24
author_id_066,20-24
author_id_072,20-24
author_id_073,20-24
author_id_067,20-24
author_id_098,15-19
author_id_107,20-24
author_id_113,20-24
author_id_117,20-24
author_id_103,20-24
author_id_088,20-24
author_id_063,20-24
author_id_077,25-xx
author_id_076,20-24
author_id_062,20-24
author_id_089,20-24
author_id_102,15-19
author_id_116,15-19
author_id_128,15-19
author_id_100,20-24
author_id_114,15-19
author_id_048,20-24
author_id_074,25-xx
author_id_060,20-24
author_id_061,20-24
author_id_075,25-xx
author_id_049,25-xx
author_id_115,20-24
author_id_101,20-24
author_id_129,20-24
author_id_012,20-24
author_id_006,25-xx
author_id_007,20-24
author_id_013,20-24
author_id_005,20-24
author_id_011,20-24
author_id_039,20-24
author_id_038,20-24
author_id_010,20-24
author_id_004,25-xx
author_id_148,20-24
author_id_028,20-24
author_id_014,20-24
author_id_015,25-xx
author_id_001,15-19
author_id_029,15-19
author_id_149,20-24
author_id_017,15-19
author_id_003,20-24
author_id_002,20-24
author_id_016,15-19
