Test_Author_Profile_Id,Gender
author_id_147,female
author_id_033,male
author_id_027,female
author_id_026,male
author_id_032,female
author_id_146,female
author_id_150,female
author_id_144,male
author_id_024,male
author_id_030,male
author_id_018,male
author_id_019,female
author_id_031,male
author_id_025,male
author_id_145,male
author_id_141,male
author_id_009,male
author_id_021,male
author_id_035,female
author_id_034,female
author_id_020,male
author_id_008,male
author_id_140,male
author_id_142,female
author_id_036,female
author_id_022,male
author_id_023,male
author_id_037,male
author_id_143,male
author_id_124,female
author_id_130,male
author_id_118,male
author_id_093,male
author_id_087,male
author_id_050,male
author_id_044,male
author_id_078,male
author_id_079,male
author_id_045,male
author_id_051,male
author_id_086,male
author_id_092,male
author_id_119,female
author_id_131,male
author_id_125,female
author_id_133,female
author_id_127,female
author_id_084,male
author_id_090,male
author_id_047,male
author_id_053,male
author_id_052,female
author_id_046,male
author_id_091,male
author_id_085,female
author_id_126,male
author_id_132,male
author_id_136,female
author_id_122,male
author_id_081,female
author_id_095,female
author_id_042,male
author_id_056,male
author_id_057,female
author_id_043,male
author_id_094,male
author_id_080,male
author_id_123,male
author_id_137,male
author_id_109,male
author_id_121,male
author_id_135,male
author_id_096,male
author_id_082,male
author_id_069,female
author_id_055,male
author_id_041,male
author_id_040,male
author_id_054,male
author_id_068,male
author_id_083,male
author_id_097,male
author_id_134,female
author_id_120,male
author_id_108,male
author_id_105,male
author_id_111,male
author_id_139,female
author_id_071,male
author_id_065,male
author_id_059,male
author_id_058,male
author_id_064,male
author_id_070,male
author_id_138,female
author_id_110,male
author_id_104,female
author_id_112,female
author_id_106,male
author_id_099,female
author_id_066,female
author_id_072,male
author_id_073,male
author_id_067,male
author_id_098,male
author_id_107,male
author_id_113,male
author_id_117,male
author_id_103,male
author_id_088,male
author_id_063,female
author_id_077,female
author_id_076,male
author_id_062,male
author_id_089,male
author_id_102,male
author_id_116,female
author_id_128,male
author_id_100,male
author_id_114,male
author_id_048,female
author_id_074,female
author_id_060,male
author_id_061,male
author_id_075,male
author_id_049,female
author_id_115,male
author_id_101,male
author_id_129,female
author_id_012,female
author_id_006,male
author_id_007,male
author_id_013,male
author_id_005,male
author_id_011,male
author_id_039,male
author_id_038,male
author_id_010,female
author_id_004,female
author_id_148,male
author_id_028,male
author_id_014,male
author_id_015,male
author_id_001,male
author_id_029,female
author_id_149,male
author_id_017,male
author_id_003,male
author_id_002,male
author_id_016,male
